CBSA Code,CBSA Title,State Name
10100,"Aberdeen, SD",South Dakota
10100,"Aberdeen, SD",South Dakota
10140,"Aberdeen, WA",Washington
10180,"Abilene, TX",Texas
10180,"Abilene, TX",Texas
10180,"Abilene, TX",Texas
10220,"Ada, OK",Oklahoma
10300,"Adrian, MI",Michigan
10380,"Aguadilla-Isabela, PR",Puerto Rico
10380,"Aguadilla-Isabela, PR",Puerto Rico
10380,"Aguadilla-Isabela, PR",Puerto Rico
10380,"Aguadilla-Isabela, PR",Puerto Rico
10380,"Aguadilla-Isabela, PR",Puerto Rico
10380,"Aguadilla-Isabela, PR",Puerto Rico
10380,"Aguadilla-Isabela, PR",Puerto Rico
10380,"Aguadilla-Isabela, PR",Puerto Rico
10380,"Aguadilla-Isabela, PR",Puerto Rico
10420,"Akron, OH",Ohio
10420,"Akron, OH",Ohio
10460,"Alamogordo, NM",New Mexico
10500,"Albany, GA",Georgia
10500,"Albany, GA",Georgia
10500,"Albany, GA",Georgia
10500,"Albany, GA",Georgia
10540,"Albany-Lebanon, OR",Oregon
10580,"Albany-Schenectady-Troy, NY",New York
10580,"Albany-Schenectady-Troy, NY",New York
10580,"Albany-Schenectady-Troy, NY",New York
10580,"Albany-Schenectady-Troy, NY",New York
10580,"Albany-Schenectady-Troy, NY",New York
10620,"Albemarle, NC",North Carolina
10660,"Albert Lea, MN",Minnesota
10700,"Albertville, AL",Alabama
10740,"Albuquerque, NM",New Mexico
10740,"Albuquerque, NM",New Mexico
10740,"Albuquerque, NM",New Mexico
10740,"Albuquerque, NM",New Mexico
10760,"Alexander City, AL",Alabama
10760,"Alexander City, AL",Alabama
10780,"Alexandria, LA",Louisiana
10780,"Alexandria, LA",Louisiana
10820,"Alexandria, MN",Minnesota
10860,"Alice, TX",Texas
10860,"Alice, TX",Texas
10900,"Allentown-Bethlehem-Easton, PA-NJ",New Jersey
10900,"Allentown-Bethlehem-Easton, PA-NJ",Pennsylvania
10900,"Allentown-Bethlehem-Easton, PA-NJ",Pennsylvania
10900,"Allentown-Bethlehem-Easton, PA-NJ",Pennsylvania
10940,"Alma, MI",Michigan
10980,"Alpena, MI",Michigan
11020,"Altoona, PA",Pennsylvania
11060,"Altus, OK",Oklahoma
11100,"Amarillo, TX",Texas
11100,"Amarillo, TX",Texas
11100,"Amarillo, TX",Texas
11100,"Amarillo, TX",Texas
11100,"Amarillo, TX",Texas
11140,"Americus, GA",Georgia
11140,"Americus, GA",Georgia
11180,"Ames, IA",Iowa
11180,"Ames, IA",Iowa
11220,"Amsterdam, NY",New York
11260,"Anchorage, AK",Alaska
11260,"Anchorage, AK",Alaska
11380,"Andrews, TX",Texas
11420,"Angola, IN",Indiana
11460,"Ann Arbor, MI",Michigan
11500,"Anniston-Oxford, AL",Alabama
11540,"Appleton, WI",Wisconsin
11540,"Appleton, WI",Wisconsin
11580,"Arcadia, FL",Florida
11620,"Ardmore, OK",Oklahoma
11620,"Ardmore, OK",Oklahoma
11640,"Arecibo, PR",Puerto Rico
11640,"Arecibo, PR",Puerto Rico
11640,"Arecibo, PR",Puerto Rico
11640,"Arecibo, PR",Puerto Rico
11660,"Arkadelphia, AR",Arkansas
11700,"Asheville, NC",North Carolina
11700,"Asheville, NC",North Carolina
11700,"Asheville, NC",North Carolina
11700,"Asheville, NC",North Carolina
11740,"Ashland, OH",Ohio
11780,"Ashtabula, OH",Ohio
11820,"Astoria, OR",Oregon
11860,"Atchison, KS",Kansas
11900,"Athens, OH",Ohio
11940,"Athens, TN",Tennessee
11980,"Athens, TX",Texas
12020,"Athens-Clarke County, GA",Georgia
12020,"Athens-Clarke County, GA",Georgia
12020,"Athens-Clarke County, GA",Georgia
12020,"Athens-Clarke County, GA",Georgia
12060,"Atlanta-Sandy Springs-Alpharetta, GA",Georgia
12060,"Atlanta-Sandy Springs-Alpharetta, GA",Georgia
12060,"Atlanta-Sandy Springs-Alpharetta, GA",Georgia
12060,"Atlanta-Sandy Springs-Alpharetta, GA",Georgia
12060,"Atlanta-Sandy Springs-Alpharetta, GA",Georgia
12060,"Atlanta-Sandy Springs-Alpharetta, GA",Georgia
12060,"Atlanta-Sandy Springs-Alpharetta, GA",Georgia
12060,"Atlanta-Sandy Springs-Alpharetta, GA",Georgia
12060,"Atlanta-Sandy Springs-Alpharetta, GA",Georgia
12060,"Atlanta-Sandy Springs-Alpharetta, GA",Georgia
12060,"Atlanta-Sandy Springs-Alpharetta, GA",Georgia
12060,"Atlanta-Sandy Springs-Alpharetta, GA",Georgia
12060,"Atlanta-Sandy Springs-Alpharetta, GA",Georgia
12060,"Atlanta-Sandy Springs-Alpharetta, GA",Georgia
12060,"Atlanta-Sandy Springs-Alpharetta, GA",Georgia
12060,"Atlanta-Sandy Springs-Alpharetta, GA",Georgia
12060,"Atlanta-Sandy Springs-Alpharetta, GA",Georgia
12060,"Atlanta-Sandy Springs-Alpharetta, GA",Georgia
12060,"Atlanta-Sandy Springs-Alpharetta, GA",Georgia
12060,"Atlanta-Sandy Springs-Alpharetta, GA",Georgia
12060,"Atlanta-Sandy Springs-Alpharetta, GA",Georgia
12060,"Atlanta-Sandy Springs-Alpharetta, GA",Georgia
12060,"Atlanta-Sandy Springs-Alpharetta, GA",Georgia
12060,"Atlanta-Sandy Springs-Alpharetta, GA",Georgia
12060,"Atlanta-Sandy Springs-Alpharetta, GA",Georgia
12060,"Atlanta-Sandy Springs-Alpharetta, GA",Georgia
12060,"Atlanta-Sandy Springs-Alpharetta, GA",Georgia
12060,"Atlanta-Sandy Springs-Alpharetta, GA",Georgia
12060,"Atlanta-Sandy Springs-Alpharetta, GA",Georgia
12100,"Atlantic City-Hammonton, NJ",New Jersey
12120,"Atmore, AL",Alabama
12140,"Auburn, IN",Indiana
12180,"Auburn, NY",New York
12220,"Auburn-Opelika, AL",Alabama
12260,"Augusta-Richmond County, GA-SC",Georgia
12260,"Augusta-Richmond County, GA-SC",Georgia
12260,"Augusta-Richmond County, GA-SC",Georgia
12260,"Augusta-Richmond County, GA-SC",Georgia
12260,"Augusta-Richmond County, GA-SC",Georgia
12260,"Augusta-Richmond County, GA-SC",South Carolina
12260,"Augusta-Richmond County, GA-SC",South Carolina
12300,"Augusta-Waterville, ME",Maine
12380,"Austin, MN",Minnesota
12420,"Austin-Round Rock-Georgetown, TX",Texas
12420,"Austin-Round Rock-Georgetown, TX",Texas
12420,"Austin-Round Rock-Georgetown, TX",Texas
12420,"Austin-Round Rock-Georgetown, TX",Texas
12420,"Austin-Round Rock-Georgetown, TX",Texas
12460,"Bainbridge, GA",Georgia
12540,"Bakersfield, CA",California
12580,"Baltimore-Columbia-Towson, MD",Maryland
12580,"Baltimore-Columbia-Towson, MD",Maryland
12580,"Baltimore-Columbia-Towson, MD",Maryland
12580,"Baltimore-Columbia-Towson, MD",Maryland
12580,"Baltimore-Columbia-Towson, MD",Maryland
12580,"Baltimore-Columbia-Towson, MD",Maryland
12580,"Baltimore-Columbia-Towson, MD",Maryland
12620,"Bangor, ME",Maine
12660,"Baraboo, WI",Wisconsin
12680,"Bardstown, KY",Kentucky
12700,"Barnstable Town, MA",Massachusetts
12740,"Barre, VT",Vermont
12780,"Bartlesville, OK",Oklahoma
12860,"Batavia, NY",New York
12900,"Batesville, AR",Arkansas
12900,"Batesville, AR",Arkansas
12940,"Baton Rouge, LA",Louisiana
12940,"Baton Rouge, LA",Louisiana
12940,"Baton Rouge, LA",Louisiana
12940,"Baton Rouge, LA",Louisiana
12940,"Baton Rouge, LA",Louisiana
12940,"Baton Rouge, LA",Louisiana
12940,"Baton Rouge, LA",Louisiana
12940,"Baton Rouge, LA",Louisiana
12940,"Baton Rouge, LA",Louisiana
12940,"Baton Rouge, LA",Louisiana
12980,"Battle Creek, MI",Michigan
13020,"Bay City, MI",Michigan
13060,"Bay City, TX",Texas
13100,"Beatrice, NE",Nebraska
13140,"Beaumont-Port Arthur, TX",Texas
13140,"Beaumont-Port Arthur, TX",Texas
13140,"Beaumont-Port Arthur, TX",Texas
13180,"Beaver Dam, WI",Wisconsin
13220,"Beckley, WV",West Virginia
13220,"Beckley, WV",West Virginia
13260,"Bedford, IN",Indiana
13300,"Beeville, TX",Texas
13340,"Bellefontaine, OH",Ohio
13380,"Bellingham, WA",Washington
13420,"Bemidji, MN",Minnesota
13460,"Bend, OR",Oregon
13500,"Bennettsville, SC",South Carolina
13540,"Bennington, VT",Vermont
13620,"Berlin, NH",New Hampshire
13660,"Big Rapids, MI",Michigan
13700,"Big Spring, TX",Texas
13720,"Big Stone Gap, VA",Virginia
13720,"Big Stone Gap, VA",Virginia
13740,"Billings, MT",Montana
13740,"Billings, MT",Montana
13740,"Billings, MT",Montana
13780,"Binghamton, NY",New York
13780,"Binghamton, NY",New York
13820,"Birmingham-Hoover, AL",Alabama
13820,"Birmingham-Hoover, AL",Alabama
13820,"Birmingham-Hoover, AL",Alabama
13820,"Birmingham-Hoover, AL",Alabama
13820,"Birmingham-Hoover, AL",Alabama
13820,"Birmingham-Hoover, AL",Alabama
13900,"Bismarck, ND",North Dakota
13900,"Bismarck, ND",North Dakota
13900,"Bismarck, ND",North Dakota
13940,"Blackfoot, ID",Idaho
13980,"Blacksburg-Christiansburg, VA",Virginia
13980,"Blacksburg-Christiansburg, VA",Virginia
13980,"Blacksburg-Christiansburg, VA",Virginia
13980,"Blacksburg-Christiansburg, VA",Virginia
14010,"Bloomington, IL",Illinois
14020,"Bloomington, IN",Indiana
14020,"Bloomington, IN",Indiana
14100,"Bloomsburg-Berwick, PA",Pennsylvania
14100,"Bloomsburg-Berwick, PA",Pennsylvania
14140,"Bluefield, WV-VA",Virginia
14140,"Bluefield, WV-VA",Virginia
14140,"Bluefield, WV-VA",West Virginia
14160,"Bluffton, IN",Indiana
14180,"Blytheville, AR",Arkansas
14220,"Bogalusa, LA",Louisiana
14260,"Boise City, ID",Idaho
14260,"Boise City, ID",Idaho
14260,"Boise City, ID",Idaho
14260,"Boise City, ID",Idaho
14260,"Boise City, ID",Idaho
14300,"Bonham, TX",Texas
14380,"Boone, NC",North Carolina
14420,"Borger, TX",Texas
14460,"Boston-Cambridge-Newton, MA-NH",Massachusetts
14460,"Boston-Cambridge-Newton, MA-NH",Massachusetts
14460,"Boston-Cambridge-Newton, MA-NH",Massachusetts
14460,"Boston-Cambridge-Newton, MA-NH",Massachusetts
14460,"Boston-Cambridge-Newton, MA-NH",Massachusetts
14460,"Boston-Cambridge-Newton, MA-NH",New Hampshire
14460,"Boston-Cambridge-Newton, MA-NH",New Hampshire
14500,"Boulder, CO",Colorado
14540,"Bowling Green, KY",Kentucky
14540,"Bowling Green, KY",Kentucky
14540,"Bowling Green, KY",Kentucky
14540,"Bowling Green, KY",Kentucky
14580,"Bozeman, MT",Montana
14620,"Bradford, PA",Pennsylvania
14660,"Brainerd, MN",Minnesota
14660,"Brainerd, MN",Minnesota
14700,"Branson, MO",Missouri
14720,"Breckenridge, CO",Colorado
14740,"Bremerton-Silverdale-Port Orchard, WA",Washington
14780,"Brenham, TX",Texas
14820,"Brevard, NC",North Carolina
14860,"Bridgeport-Stamford-Norwalk, CT",Connecticut
15020,"Brookhaven, MS",Mississippi
15060,"Brookings, OR",Oregon
15100,"Brookings, SD",South Dakota
15140,"Brownsville, TN",Tennessee
15180,"Brownsville-Harlingen, TX",Texas
15220,"Brownwood, TX",Texas
15260,"Brunswick, GA",Georgia
15260,"Brunswick, GA",Georgia
15260,"Brunswick, GA",Georgia
15340,"Bucyrus-Galion, OH",Ohio
15380,"Buffalo-Cheektowaga, NY",New York
15380,"Buffalo-Cheektowaga, NY",New York
15420,"Burley, ID",Idaho
15420,"Burley, ID",Idaho
15460,"Burlington, IA-IL",Illinois
15460,"Burlington, IA-IL",Iowa
15500,"Burlington, NC",North Carolina
15540,"Burlington-South Burlington, VT",Vermont
15540,"Burlington-South Burlington, VT",Vermont
15540,"Burlington-South Burlington, VT",Vermont
15580,"Butte-Silver Bow, MT",Montana
15620,"Cadillac, MI",Michigan
15620,"Cadillac, MI",Michigan
15660,"Calhoun, GA",Georgia
15680,"California-Lexington Park, MD",Maryland
15700,"Cambridge, MD",Maryland
15740,"Cambridge, OH",Ohio
15780,"Camden, AR",Arkansas
15780,"Camden, AR",Arkansas
15820,"Campbellsville, KY",Kentucky
15820,"Campbellsville, KY",Kentucky
15860,"Cañon City, CO",Colorado
15940,"Canton-Massillon, OH",Ohio
15940,"Canton-Massillon, OH",Ohio
15980,"Cape Coral-Fort Myers, FL",Florida
16020,"Cape Girardeau, MO-IL",Illinois
16020,"Cape Girardeau, MO-IL",Missouri
16020,"Cape Girardeau, MO-IL",Missouri
16060,"Carbondale-Marion, IL",Illinois
16060,"Carbondale-Marion, IL",Illinois
16060,"Carbondale-Marion, IL",Illinois
16100,"Carlsbad-Artesia, NM",New Mexico
16140,"Carroll, IA",Iowa
16180,"Carson City, NV",Nevada
16220,"Casper, WY",Wyoming
16260,"Cedar City, UT",Utah
16300,"Cedar Rapids, IA",Iowa
16300,"Cedar Rapids, IA",Iowa
16300,"Cedar Rapids, IA",Iowa
16340,"Cedartown, GA",Georgia
16380,"Celina, OH",Ohio
16420,"Central City, KY",Kentucky
16460,"Centralia, IL",Illinois
16500,"Centralia, WA",Washington
16540,"Chambersburg-Waynesboro, PA",Pennsylvania
16580,"Champaign-Urbana, IL",Illinois
16580,"Champaign-Urbana, IL",Illinois
16620,"Charleston, WV",West Virginia
16620,"Charleston, WV",West Virginia
16620,"Charleston, WV",West Virginia
16620,"Charleston, WV",West Virginia
16620,"Charleston, WV",West Virginia
16660,"Charleston-Mattoon, IL",Illinois
16660,"Charleston-Mattoon, IL",Illinois
16700,"Charleston-North Charleston, SC",South Carolina
16700,"Charleston-North Charleston, SC",South Carolina
16700,"Charleston-North Charleston, SC",South Carolina
16740,"Charlotte-Concord-Gastonia, NC-SC",North Carolina
16740,"Charlotte-Concord-Gastonia, NC-SC",North Carolina
16740,"Charlotte-Concord-Gastonia, NC-SC",North Carolina
16740,"Charlotte-Concord-Gastonia, NC-SC",North Carolina
16740,"Charlotte-Concord-Gastonia, NC-SC",North Carolina
16740,"Charlotte-Concord-Gastonia, NC-SC",North Carolina
16740,"Charlotte-Concord-Gastonia, NC-SC",North Carolina
16740,"Charlotte-Concord-Gastonia, NC-SC",North Carolina
16740,"Charlotte-Concord-Gastonia, NC-SC",South Carolina
16740,"Charlotte-Concord-Gastonia, NC-SC",South Carolina
16740,"Charlotte-Concord-Gastonia, NC-SC",South Carolina
16820,"Charlottesville, VA",Virginia
16820,"Charlottesville, VA",Virginia
16820,"Charlottesville, VA",Virginia
16820,"Charlottesville, VA",Virginia
16820,"Charlottesville, VA",Virginia
16860,"Chattanooga, TN-GA",Georgia
16860,"Chattanooga, TN-GA",Georgia
16860,"Chattanooga, TN-GA",Georgia
16860,"Chattanooga, TN-GA",Tennessee
16860,"Chattanooga, TN-GA",Tennessee
16860,"Chattanooga, TN-GA",Tennessee
16940,"Cheyenne, WY",Wyoming
16980,"Chicago-Naperville-Elgin, IL-IN-WI",Illinois
16980,"Chicago-Naperville-Elgin, IL-IN-WI",Illinois
16980,"Chicago-Naperville-Elgin, IL-IN-WI",Illinois
16980,"Chicago-Naperville-Elgin, IL-IN-WI",Illinois
16980,"Chicago-Naperville-Elgin, IL-IN-WI",Illinois
16980,"Chicago-Naperville-Elgin, IL-IN-WI",Illinois
16980,"Chicago-Naperville-Elgin, IL-IN-WI",Illinois
16980,"Chicago-Naperville-Elgin, IL-IN-WI",Illinois
16980,"Chicago-Naperville-Elgin, IL-IN-WI",Indiana
16980,"Chicago-Naperville-Elgin, IL-IN-WI",Indiana
16980,"Chicago-Naperville-Elgin, IL-IN-WI",Indiana
16980,"Chicago-Naperville-Elgin, IL-IN-WI",Indiana
16980,"Chicago-Naperville-Elgin, IL-IN-WI",Illinois
16980,"Chicago-Naperville-Elgin, IL-IN-WI",Wisconsin
17020,"Chico, CA",California
17060,"Chillicothe, OH",Ohio
17140,"Cincinnati, OH-KY-IN",Indiana
17140,"Cincinnati, OH-KY-IN",Indiana
17140,"Cincinnati, OH-KY-IN",Indiana
17140,"Cincinnati, OH-KY-IN",Indiana
17140,"Cincinnati, OH-KY-IN",Kentucky
17140,"Cincinnati, OH-KY-IN",Kentucky
17140,"Cincinnati, OH-KY-IN",Kentucky
17140,"Cincinnati, OH-KY-IN",Kentucky
17140,"Cincinnati, OH-KY-IN",Kentucky
17140,"Cincinnati, OH-KY-IN",Kentucky
17140,"Cincinnati, OH-KY-IN",Kentucky
17140,"Cincinnati, OH-KY-IN",Ohio
17140,"Cincinnati, OH-KY-IN",Ohio
17140,"Cincinnati, OH-KY-IN",Ohio
17140,"Cincinnati, OH-KY-IN",Ohio
17140,"Cincinnati, OH-KY-IN",Ohio
17220,"Clarksburg, WV",West Virginia
17220,"Clarksburg, WV",West Virginia
17220,"Clarksburg, WV",West Virginia
17260,"Clarksdale, MS",Mississippi
17300,"Clarksville, TN-KY",Kentucky
17300,"Clarksville, TN-KY",Kentucky
17300,"Clarksville, TN-KY",Tennessee
17300,"Clarksville, TN-KY",Tennessee
17340,"Clearlake, CA",California
17380,"Cleveland, MS",Mississippi
17420,"Cleveland, TN",Tennessee
17420,"Cleveland, TN",Tennessee
17460,"Cleveland-Elyria, OH",Ohio
17460,"Cleveland-Elyria, OH",Ohio
17460,"Cleveland-Elyria, OH",Ohio
17460,"Cleveland-Elyria, OH",Ohio
17460,"Cleveland-Elyria, OH",Ohio
17500,"Clewiston, FL",Florida
17540,"Clinton, IA",Iowa
17580,"Clovis, NM",New Mexico
17620,"Coamo, PR",Puerto Rico
17640,"Coco, PR",Puerto Rico
17660,"Coeur d'Alene, ID",Idaho
17700,"Coffeyville, KS",Kansas
17740,"Coldwater, MI",Michigan
17780,"College Station-Bryan, TX",Texas
17780,"College Station-Bryan, TX",Texas
17780,"College Station-Bryan, TX",Texas
17820,"Colorado Springs, CO",Colorado
17820,"Colorado Springs, CO",Colorado
17860,"Columbia, MO",Missouri
17860,"Columbia, MO",Missouri
17860,"Columbia, MO",Missouri
17900,"Columbia, SC",South Carolina
17900,"Columbia, SC",South Carolina
17900,"Columbia, SC",South Carolina
17900,"Columbia, SC",South Carolina
17900,"Columbia, SC",South Carolina
17900,"Columbia, SC",South Carolina
17980,"Columbus, GA-AL",Alabama
17980,"Columbus, GA-AL",Georgia
17980,"Columbus, GA-AL",Georgia
17980,"Columbus, GA-AL",Georgia
17980,"Columbus, GA-AL",Georgia
17980,"Columbus, GA-AL",Georgia
17980,"Columbus, GA-AL",Georgia
18020,"Columbus, IN",Indiana
18060,"Columbus, MS",Mississippi
18100,"Columbus, NE",Nebraska
18140,"Columbus, OH",Ohio
18140,"Columbus, OH",Ohio
18140,"Columbus, OH",Ohio
18140,"Columbus, OH",Ohio
18140,"Columbus, OH",Ohio
18140,"Columbus, OH",Ohio
18140,"Columbus, OH",Ohio
18140,"Columbus, OH",Ohio
18140,"Columbus, OH",Ohio
18140,"Columbus, OH",Ohio
18180,"Concord, NH",New Hampshire
18220,"Connersville, IN",Indiana
18260,"Cookeville, TN",Tennessee
18260,"Cookeville, TN",Tennessee
18260,"Cookeville, TN",Tennessee
18300,"Coos Bay, OR",Oregon
18380,"Cordele, GA",Georgia
18420,"Corinth, MS",Mississippi
18460,"Cornelia, GA",Georgia
18500,"Corning, NY",New York
18580,"Corpus Christi, TX",Texas
18580,"Corpus Christi, TX",Texas
18620,"Corsicana, TX",Texas
18660,"Cortland, NY",New York
18700,"Corvallis, OR",Oregon
18740,"Coshocton, OH",Ohio
18780,"Craig, CO",Colorado
18820,"Crawfordsville, IN",Indiana
18860,"Crescent City, CA",California
18880,"Crestview-Fort Walton Beach-Destin, FL",Florida
18880,"Crestview-Fort Walton Beach-Destin, FL",Florida
18900,"Crossville, TN",Tennessee
18980,"Cullman, AL",Alabama
19000,"Cullowhee, NC",North Carolina
19000,"Cullowhee, NC",North Carolina
19060,"Cumberland, MD-WV",Maryland
19060,"Cumberland, MD-WV",West Virginia
19100,"Dallas-Fort Worth-Arlington, TX",Texas
19100,"Dallas-Fort Worth-Arlington, TX",Texas
19100,"Dallas-Fort Worth-Arlington, TX",Texas
19100,"Dallas-Fort Worth-Arlington, TX",Texas
19100,"Dallas-Fort Worth-Arlington, TX",Texas
19100,"Dallas-Fort Worth-Arlington, TX",Texas
19100,"Dallas-Fort Worth-Arlington, TX",Texas
19100,"Dallas-Fort Worth-Arlington, TX",Texas
19100,"Dallas-Fort Worth-Arlington, TX",Texas
19100,"Dallas-Fort Worth-Arlington, TX",Texas
19100,"Dallas-Fort Worth-Arlington, TX",Texas
19140,"Dalton, GA",Georgia
19140,"Dalton, GA",Georgia
19180,"Danville, IL",Illinois
19220,"Danville, KY",Kentucky
19220,"Danville, KY",Kentucky
19260,"Danville, VA",Virginia
19260,"Danville, VA",Virginia
19300,"Daphne-Fairhope-Foley, AL",Alabama
19340,"Davenport-Moline-Rock Island, IA-IL",Illinois
19340,"Davenport-Moline-Rock Island, IA-IL",Illinois
19340,"Davenport-Moline-Rock Island, IA-IL",Illinois
19340,"Davenport-Moline-Rock Island, IA-IL",Iowa
19420,"Dayton, TN",Tennessee
19430,"Dayton-Kettering, OH",Ohio
19430,"Dayton-Kettering, OH",Ohio
19430,"Dayton-Kettering, OH",Ohio
19460,"Decatur, AL",Alabama
19460,"Decatur, AL",Alabama
19500,"Decatur, IL",Illinois
19540,"Decatur, IN",Indiana
19580,"Defiance, OH",Ohio
19620,"Del Rio, TX",Texas
19660,"Deltona-Daytona Beach-Ormond Beach, FL",Florida
19660,"Deltona-Daytona Beach-Ormond Beach, FL",Florida
19700,"Deming, NM",New Mexico
19740,"Denver-Aurora-Lakewood, CO",Colorado
19740,"Denver-Aurora-Lakewood, CO",Colorado
19740,"Denver-Aurora-Lakewood, CO",Colorado
19740,"Denver-Aurora-Lakewood, CO",Colorado
19740,"Denver-Aurora-Lakewood, CO",Colorado
19740,"Denver-Aurora-Lakewood, CO",Colorado
19740,"Denver-Aurora-Lakewood, CO",Colorado
19740,"Denver-Aurora-Lakewood, CO",Colorado
19740,"Denver-Aurora-Lakewood, CO",Colorado
19740,"Denver-Aurora-Lakewood, CO",Colorado
19760,"DeRidder, LA",Louisiana
19780,"Des Moines-West Des Moines, IA",Iowa
19780,"Des Moines-West Des Moines, IA",Iowa
19780,"Des Moines-West Des Moines, IA",Iowa
19780,"Des Moines-West Des Moines, IA",Iowa
19780,"Des Moines-West Des Moines, IA",Iowa
19780,"Des Moines-West Des Moines, IA",Iowa
19820,"Detroit-Warren-Dearborn, MI",Michigan
19820,"Detroit-Warren-Dearborn, MI",Michigan
19820,"Detroit-Warren-Dearborn, MI",Michigan
19820,"Detroit-Warren-Dearborn, MI",Michigan
19820,"Detroit-Warren-Dearborn, MI",Michigan
19820,"Detroit-Warren-Dearborn, MI",Michigan
19860,"Dickinson, ND",North Dakota
19860,"Dickinson, ND",North Dakota
19940,"Dixon, IL",Illinois
19980,"Dodge City, KS",Kansas
20020,"Dothan, AL",Alabama
20020,"Dothan, AL",Alabama
20020,"Dothan, AL",Alabama
20060,"Douglas, GA",Georgia
20060,"Douglas, GA",Georgia
20100,"Dover, DE",Delaware
20140,"Dublin, GA",Georgia
20140,"Dublin, GA",Georgia
20140,"Dublin, GA",Georgia
20180,"DuBois, PA",Pennsylvania
20220,"Dubuque, IA",Iowa
20260,"Duluth, MN-WI",Minnesota
20260,"Duluth, MN-WI",Minnesota
20260,"Duluth, MN-WI",Minnesota
20260,"Duluth, MN-WI",Wisconsin
20300,"Dumas, TX",Texas
20340,"Duncan, OK",Oklahoma
20420,"Durango, CO",Colorado
20460,"Durant, OK",Oklahoma
20500,"Durham-Chapel Hill, NC",North Carolina
20500,"Durham-Chapel Hill, NC",North Carolina
20500,"Durham-Chapel Hill, NC",North Carolina
20500,"Durham-Chapel Hill, NC",North Carolina
20500,"Durham-Chapel Hill, NC",North Carolina
20540,"Dyersburg, TN",Tennessee
20580,"Eagle Pass, TX",Texas
20660,"Easton, MD",Maryland
20700,"East Stroudsburg, PA",Pennsylvania
20740,"Eau Claire, WI",Wisconsin
20740,"Eau Claire, WI",Wisconsin
20780,"Edwards, CO",Colorado
20820,"Effingham, IL",Illinois
20900,"El Campo, TX",Texas
20940,"El Centro, CA",California
20980,"El Dorado, AR",Arkansas
21020,"Elizabeth City, NC",North Carolina
21020,"Elizabeth City, NC",North Carolina
21060,"Elizabethtown-Fort Knox, KY",Kentucky
21060,"Elizabethtown-Fort Knox, KY",Kentucky
21060,"Elizabethtown-Fort Knox, KY",Kentucky
21120,"Elk City, OK",Oklahoma
21140,"Elkhart-Goshen, IN",Indiana
21180,"Elkins, WV",West Virginia
21220,"Elko, NV",Nevada
21220,"Elko, NV",Nevada
21260,"Ellensburg, WA",Washington
21300,"Elmira, NY",New York
21340,"El Paso, TX",Texas
21340,"El Paso, TX",Texas
21380,"Emporia, KS",Kansas
21380,"Emporia, KS",Kansas
21420,"Enid, OK",Oklahoma
21460,"Enterprise, AL",Alabama
21500,"Erie, PA",Pennsylvania
21540,"Escanaba, MI",Michigan
21580,"Española, NM",New Mexico
21640,"Eufaula, AL-GA",Alabama
21640,"Eufaula, AL-GA",Georgia
21660,"Eugene-Springfield, OR",Oregon
21700,"Eureka-Arcata, CA",California
21740,"Evanston, WY",Wyoming
21780,"Evansville, IN-KY",Indiana
21780,"Evansville, IN-KY",Indiana
21780,"Evansville, IN-KY",Indiana
21780,"Evansville, IN-KY",Kentucky
21820,"Fairbanks, AK",Alaska
21840,"Fairfield, IA",Iowa
21860,"Fairmont, MN",Minnesota
21900,"Fairmont, WV",West Virginia
21980,"Fallon, NV",Nevada
22020,"Fargo, ND-MN",Minnesota
22020,"Fargo, ND-MN",North Dakota
22060,"Faribault-Northfield, MN",Minnesota
22100,"Farmington, MO",Missouri
22140,"Farmington, NM",New Mexico
22180,"Fayetteville, NC",North Carolina
22180,"Fayetteville, NC",North Carolina
22180,"Fayetteville, NC",North Carolina
22220,"Fayetteville-Springdale-Rogers, AR",Arkansas
22220,"Fayetteville-Springdale-Rogers, AR",Arkansas
22220,"Fayetteville-Springdale-Rogers, AR",Arkansas
22260,"Fergus Falls, MN",Minnesota
22280,"Fernley, NV",Nevada
22300,"Findlay, OH",Ohio
22340,"Fitzgerald, GA",Georgia
22380,"Flagstaff, AZ",Arizona
22420,"Flint, MI",Michigan
22500,"Florence, SC",South Carolina
22500,"Florence, SC",South Carolina
22520,"Florence-Muscle Shoals, AL",Alabama
22520,"Florence-Muscle Shoals, AL",Alabama
22540,"Fond du Lac, WI",Wisconsin
22580,"Forest City, NC",North Carolina
22620,"Forrest City, AR",Arkansas
22660,"Fort Collins, CO",Colorado
22700,"Fort Dodge, IA",Iowa
22780,"Fort Leonard Wood, MO",Missouri
22800,"Fort Madison-Keokuk, IA-IL-MO",Illinois
22800,"Fort Madison-Keokuk, IA-IL-MO",Iowa
22800,"Fort Madison-Keokuk, IA-IL-MO",Missouri
22820,"Fort Morgan, CO",Colorado
22840,"Fort Payne, AL",Alabama
22860,"Fort Polk South, LA",Louisiana
22900,"Fort Smith, AR-OK",Arkansas
22900,"Fort Smith, AR-OK",Arkansas
22900,"Fort Smith, AR-OK",Arkansas
22900,"Fort Smith, AR-OK",Oklahoma
23060,"Fort Wayne, IN",Indiana
23060,"Fort Wayne, IN",Indiana
23140,"Frankfort, IN",Indiana
23180,"Frankfort, KY",Kentucky
23180,"Frankfort, KY",Kentucky
23240,"Fredericksburg, TX",Texas
23300,"Freeport, IL",Illinois
23340,"Fremont, NE",Nebraska
23380,"Fremont, OH",Ohio
23420,"Fresno, CA",California
23460,"Gadsden, AL",Alabama
23500,"Gaffney, SC",South Carolina
23540,"Gainesville, FL",Florida
23540,"Gainesville, FL",Florida
23540,"Gainesville, FL",Florida
23580,"Gainesville, GA",Georgia
23620,"Gainesville, TX",Texas
23660,"Galesburg, IL",Illinois
23700,"Gallup, NM",New Mexico
23780,"Garden City, KS",Kansas
23780,"Garden City, KS",Kansas
23820,"Gardnerville Ranchos, NV",Nevada
23860,"Georgetown, SC",South Carolina
23900,"Gettysburg, PA",Pennsylvania
23940,"Gillette, WY",Wyoming
23940,"Gillette, WY",Wyoming
23940,"Gillette, WY",Wyoming
23980,"Glasgow, KY",Kentucky
23980,"Glasgow, KY",Kentucky
24020,"Glens Falls, NY",New York
24020,"Glens Falls, NY",New York
24060,"Glenwood Springs, CO",Colorado
24060,"Glenwood Springs, CO",Colorado
24100,"Gloversville, NY",New York
24140,"Goldsboro, NC",North Carolina
24180,"Granbury, TX",Texas
24220,"Grand Forks, ND-MN",Minnesota
24220,"Grand Forks, ND-MN",North Dakota
24260,"Grand Island, NE",Nebraska
24260,"Grand Island, NE",Nebraska
24260,"Grand Island, NE",Nebraska
24300,"Grand Junction, CO",Colorado
24330,"Grand Rapids, MN",Minnesota
24340,"Grand Rapids-Kentwood, MI",Michigan
24340,"Grand Rapids-Kentwood, MI",Michigan
24340,"Grand Rapids-Kentwood, MI",Michigan
24340,"Grand Rapids-Kentwood, MI",Michigan
24380,"Grants, NM",New Mexico
24420,"Grants Pass, OR",Oregon
24460,"Great Bend, KS",Kansas
24500,"Great Falls, MT",Montana
24540,"Greeley, CO",Colorado
24580,"Green Bay, WI",Wisconsin
24580,"Green Bay, WI",Wisconsin
24580,"Green Bay, WI",Wisconsin
24620,"Greeneville, TN",Tennessee
24660,"Greensboro-High Point, NC",North Carolina
24660,"Greensboro-High Point, NC",North Carolina
24660,"Greensboro-High Point, NC",North Carolina
24700,"Greensburg, IN",Indiana
24740,"Greenville, MS",Mississippi
24780,"Greenville, NC",North Carolina
24820,"Greenville, OH",Ohio
24860,"Greenville-Anderson, SC",South Carolina
24860,"Greenville-Anderson, SC",South Carolina
24860,"Greenville-Anderson, SC",South Carolina
24860,"Greenville-Anderson, SC",South Carolina
24900,"Greenwood, MS",Mississippi
24900,"Greenwood, MS",Mississippi
24940,"Greenwood, SC",South Carolina
24980,"Grenada, MS",Mississippi
25020,"Guayama, PR",Puerto Rico
25020,"Guayama, PR",Puerto Rico
25020,"Guayama, PR",Puerto Rico
25060,"Gulfport-Biloxi, MS",Mississippi
25060,"Gulfport-Biloxi, MS",Mississippi
25060,"Gulfport-Biloxi, MS",Mississippi
25060,"Gulfport-Biloxi, MS",Mississippi
25100,"Guymon, OK",Oklahoma
25180,"Hagerstown-Martinsburg, MD-WV",Maryland
25180,"Hagerstown-Martinsburg, MD-WV",West Virginia
25180,"Hagerstown-Martinsburg, MD-WV",West Virginia
25200,"Hailey, ID",Idaho
25200,"Hailey, ID",Idaho
25220,"Hammond, LA",Louisiana
25260,"Hanford-Corcoran, CA",California
25300,"Hannibal, MO",Missouri
25300,"Hannibal, MO",Missouri
25420,"Harrisburg-Carlisle, PA",Pennsylvania
25420,"Harrisburg-Carlisle, PA",Pennsylvania
25420,"Harrisburg-Carlisle, PA",Pennsylvania
25460,"Harrison, AR",Arkansas
25460,"Harrison, AR",Arkansas
25500,"Harrisonburg, VA",Virginia
25500,"Harrisonburg, VA",Virginia
25540,"Hartford-East Hartford-Middletown, CT",Connecticut
25540,"Hartford-East Hartford-Middletown, CT",Connecticut
25540,"Hartford-East Hartford-Middletown, CT",Connecticut
25580,"Hastings, NE",Nebraska
25620,"Hattiesburg, MS",Mississippi
25620,"Hattiesburg, MS",Mississippi
25620,"Hattiesburg, MS",Mississippi
25620,"Hattiesburg, MS",Mississippi
25700,"Hays, KS",Kansas
25720,"Heber, UT",Utah
25720,"Heber, UT",Utah
25740,"Helena, MT",Montana
25740,"Helena, MT",Montana
25760,"Helena-West Helena, AR",Arkansas
25780,"Henderson, NC",North Carolina
25820,"Hereford, TX",Texas
25840,"Hermiston-Pendleton, OR",Oregon
25840,"Hermiston-Pendleton, OR",Oregon
25860,"Hickory-Lenoir-Morganton, NC",North Carolina
25860,"Hickory-Lenoir-Morganton, NC",North Carolina
25860,"Hickory-Lenoir-Morganton, NC",North Carolina
25860,"Hickory-Lenoir-Morganton, NC",North Carolina
25880,"Hillsdale, MI",Michigan
25900,"Hilo, HI",Hawaii
25940,"Hilton Head Island-Bluffton, SC",South Carolina
25940,"Hilton Head Island-Bluffton, SC",South Carolina
25980,"Hinesville, GA",Georgia
25980,"Hinesville, GA",Georgia
26020,"Hobbs, NM",New Mexico
26090,"Holland, MI",Michigan
26140,"Homosassa Springs, FL",Florida
26220,"Hood River, OR",Oregon
26260,"Hope, AR",Arkansas
26260,"Hope, AR",Arkansas
26300,"Hot Springs, AR",Arkansas
26340,"Houghton, MI",Michigan
26340,"Houghton, MI",Michigan
26380,"Houma-Thibodaux, LA",Louisiana
26380,"Houma-Thibodaux, LA",Louisiana
26420,"Houston-The Woodlands-Sugar Land, TX",Texas
26420,"Houston-The Woodlands-Sugar Land, TX",Texas
26420,"Houston-The Woodlands-Sugar Land, TX",Texas
26420,"Houston-The Woodlands-Sugar Land, TX",Texas
26420,"Houston-The Woodlands-Sugar Land, TX",Texas
26420,"Houston-The Woodlands-Sugar Land, TX",Texas
26420,"Houston-The Woodlands-Sugar Land, TX",Texas
26420,"Houston-The Woodlands-Sugar Land, TX",Texas
26420,"Houston-The Woodlands-Sugar Land, TX",Texas
26460,"Hudson, NY",New York
26500,"Huntingdon, PA",Pennsylvania
26540,"Huntington, IN",Indiana
26580,"Huntington-Ashland, WV-KY-OH",Kentucky
26580,"Huntington-Ashland, WV-KY-OH",Kentucky
26580,"Huntington-Ashland, WV-KY-OH",Kentucky
26580,"Huntington-Ashland, WV-KY-OH",Ohio
26580,"Huntington-Ashland, WV-KY-OH",West Virginia
26580,"Huntington-Ashland, WV-KY-OH",West Virginia
26580,"Huntington-Ashland, WV-KY-OH",West Virginia
26620,"Huntsville, AL",Alabama
26620,"Huntsville, AL",Alabama
26660,"Huntsville, TX",Texas
26700,"Huron, SD",South Dakota
26700,"Huron, SD",South Dakota
26740,"Hutchinson, KS",Kansas
26780,"Hutchinson, MN",Minnesota
26820,"Idaho Falls, ID",Idaho
26820,"Idaho Falls, ID",Idaho
26820,"Idaho Falls, ID",Idaho
26860,"Indiana, PA",Pennsylvania
26900,"Indianapolis-Carmel-Anderson, IN",Indiana
26900,"Indianapolis-Carmel-Anderson, IN",Indiana
26900,"Indianapolis-Carmel-Anderson, IN",Indiana
26900,"Indianapolis-Carmel-Anderson, IN",Indiana
26900,"Indianapolis-Carmel-Anderson, IN",Indiana
26900,"Indianapolis-Carmel-Anderson, IN",Indiana
26900,"Indianapolis-Carmel-Anderson, IN",Indiana
26900,"Indianapolis-Carmel-Anderson, IN",Indiana
26900,"Indianapolis-Carmel-Anderson, IN",Indiana
26900,"Indianapolis-Carmel-Anderson, IN",Indiana
26900,"Indianapolis-Carmel-Anderson, IN",Indiana
26940,"Indianola, MS",Mississippi
26980,"Iowa City, IA",Iowa
26980,"Iowa City, IA",Iowa
27020,"Iron Mountain, MI-WI",Michigan
27020,"Iron Mountain, MI-WI",Wisconsin
27060,"Ithaca, NY",New York
27100,"Jackson, MI",Michigan
27140,"Jackson, MS",Mississippi
27140,"Jackson, MS",Mississippi
27140,"Jackson, MS",Mississippi
27140,"Jackson, MS",Mississippi
27140,"Jackson, MS",Mississippi
27140,"Jackson, MS",Mississippi
27140,"Jackson, MS",Mississippi
27160,"Jackson, OH",Ohio
27180,"Jackson, TN",Tennessee
27180,"Jackson, TN",Tennessee
27180,"Jackson, TN",Tennessee
27180,"Jackson, TN",Tennessee
27220,"Jackson, WY-ID",Idaho
27220,"Jackson, WY-ID",Wyoming
27260,"Jacksonville, FL",Florida
27260,"Jacksonville, FL",Florida
27260,"Jacksonville, FL",Florida
27260,"Jacksonville, FL",Florida
27260,"Jacksonville, FL",Florida
27300,"Jacksonville, IL",Illinois
27300,"Jacksonville, IL",Illinois
27340,"Jacksonville, NC",North Carolina
27380,"Jacksonville, TX",Texas
27420,"Jamestown, ND",North Dakota
27460,"Jamestown-Dunkirk-Fredonia, NY",New York
27500,"Janesville-Beloit, WI",Wisconsin
27530,"Jasper, AL",Alabama
27540,"Jasper, IN",Indiana
27540,"Jasper, IN",Indiana
27580,"Jayuya, PR",Puerto Rico
27600,"Jefferson, GA",Georgia
27620,"Jefferson City, MO",Missouri
27620,"Jefferson City, MO",Missouri
27620,"Jefferson City, MO",Missouri
27620,"Jefferson City, MO",Missouri
27660,"Jennings, LA",Louisiana
27700,"Jesup, GA",Georgia
27740,"Johnson City, TN",Tennessee
27740,"Johnson City, TN",Tennessee
27740,"Johnson City, TN",Tennessee
27780,"Johnstown, PA",Pennsylvania
27860,"Jonesboro, AR",Arkansas
27860,"Jonesboro, AR",Arkansas
27900,"Joplin, MO",Missouri
27900,"Joplin, MO",Missouri
27940,"Juneau, AK",Alaska
27980,"Kahului-Wailuku-Lahaina, HI",Hawaii
28020,"Kalamazoo-Portage, MI",Michigan
28060,"Kalispell, MT",Montana
28100,"Kankakee, IL",Illinois
28140,"Kansas City, MO-KS",Kansas
28140,"Kansas City, MO-KS",Kansas
28140,"Kansas City, MO-KS",Kansas
28140,"Kansas City, MO-KS",Kansas
28140,"Kansas City, MO-KS",Kansas
28140,"Kansas City, MO-KS",Missouri
28140,"Kansas City, MO-KS",Missouri
28140,"Kansas City, MO-KS",Missouri
28140,"Kansas City, MO-KS",Missouri
28140,"Kansas City, MO-KS",Missouri
28140,"Kansas City, MO-KS",Missouri
28140,"Kansas City, MO-KS",Missouri
28140,"Kansas City, MO-KS",Missouri
28140,"Kansas City, MO-KS",Missouri
28180,"Kapaa, HI",Hawaii
28260,"Kearney, NE",Nebraska
28260,"Kearney, NE",Nebraska
28300,"Keene, NH",New Hampshire
28340,"Kendallville, IN",Indiana
28380,"Kennett, MO",Missouri
28420,"Kennewick-Richland, WA",Washington
28420,"Kennewick-Richland, WA",Washington
28500,"Kerrville, TX",Texas
28540,"Ketchikan, AK",Alaska
28580,"Key West, FL",Florida
28620,"Kill Devil Hills, NC",North Carolina
28660,"Killeen-Temple, TX",Texas
28660,"Killeen-Temple, TX",Texas
28660,"Killeen-Temple, TX",Texas
28700,"Kingsport-Bristol, TN-VA",Tennessee
28700,"Kingsport-Bristol, TN-VA",Tennessee
28700,"Kingsport-Bristol, TN-VA",Virginia
28700,"Kingsport-Bristol, TN-VA",Virginia
28700,"Kingsport-Bristol, TN-VA",Virginia
28740,"Kingston, NY",New York
28780,"Kingsville, TX",Texas
28780,"Kingsville, TX",Texas
28820,"Kinston, NC",North Carolina
28860,"Kirksville, MO",Missouri
28860,"Kirksville, MO",Missouri
28900,"Klamath Falls, OR",Oregon
28940,"Knoxville, TN",Tennessee
28940,"Knoxville, TN",Tennessee
28940,"Knoxville, TN",Tennessee
28940,"Knoxville, TN",Tennessee
28940,"Knoxville, TN",Tennessee
28940,"Knoxville, TN",Tennessee
28940,"Knoxville, TN",Tennessee
28940,"Knoxville, TN",Tennessee
29020,"Kokomo, IN",Indiana
29060,"Laconia, NH",New Hampshire
29100,"La Crosse-Onalaska, WI-MN",Minnesota
29100,"La Crosse-Onalaska, WI-MN",Wisconsin
29180,"Lafayette, LA",Louisiana
29180,"Lafayette, LA",Louisiana
29180,"Lafayette, LA",Louisiana
29180,"Lafayette, LA",Louisiana
29180,"Lafayette, LA",Louisiana
29200,"Lafayette-West Lafayette, IN",Indiana
29200,"Lafayette-West Lafayette, IN",Indiana
29200,"Lafayette-West Lafayette, IN",Indiana
29200,"Lafayette-West Lafayette, IN",Indiana
29260,"La Grande, OR",Oregon
29300,"LaGrange, GA-AL",Alabama
29300,"LaGrange, GA-AL",Georgia
29340,"Lake Charles, LA",Louisiana
29340,"Lake Charles, LA",Louisiana
29380,"Lake City, FL",Florida
29420,"Lake Havasu City-Kingman, AZ",Arizona
29460,"Lakeland-Winter Haven, FL",Florida
29500,"Lamesa, TX",Texas
29540,"Lancaster, PA",Pennsylvania
29620,"Lansing-East Lansing, MI",Michigan
29620,"Lansing-East Lansing, MI",Michigan
29620,"Lansing-East Lansing, MI",Michigan
29620,"Lansing-East Lansing, MI",Michigan
29660,"Laramie, WY",Wyoming
29700,"Laredo, TX",Texas
29740,"Las Cruces, NM",New Mexico
29780,"Las Vegas, NM",New Mexico
29780,"Las Vegas, NM",New Mexico
29820,"Las Vegas-Henderson-Paradise, NV",Nevada
29860,"Laurel, MS",Mississippi
29860,"Laurel, MS",Mississippi
29900,"Laurinburg, NC",North Carolina
29940,"Lawrence, KS",Kansas
29980,"Lawrenceburg, TN",Tennessee
30020,"Lawton, OK",Oklahoma
30020,"Lawton, OK",Oklahoma
30060,"Lebanon, MO",Missouri
30100,"Lebanon, NH-VT",New Hampshire
30100,"Lebanon, NH-VT",New Hampshire
30100,"Lebanon, NH-VT",Vermont
30100,"Lebanon, NH-VT",Vermont
30140,"Lebanon, PA",Pennsylvania
30220,"Levelland, TX",Texas
30260,"Lewisburg, PA",Pennsylvania
30280,"Lewisburg, TN",Tennessee
30300,"Lewiston, ID-WA",Idaho
30300,"Lewiston, ID-WA",Washington
30340,"Lewiston-Auburn, ME",Maine
30380,"Lewistown, PA",Pennsylvania
30420,"Lexington, NE",Nebraska
30420,"Lexington, NE",Nebraska
30460,"Lexington-Fayette, KY",Kentucky
30460,"Lexington-Fayette, KY",Kentucky
30460,"Lexington-Fayette, KY",Kentucky
30460,"Lexington-Fayette, KY",Kentucky
30460,"Lexington-Fayette, KY",Kentucky
30460,"Lexington-Fayette, KY",Kentucky
30580,"Liberal, KS",Kansas
30620,"Lima, OH",Ohio
30660,"Lincoln, IL",Illinois
30700,"Lincoln, NE",Nebraska
30700,"Lincoln, NE",Nebraska
30780,"Little Rock-North Little Rock-Conway, AR",Arkansas
30780,"Little Rock-North Little Rock-Conway, AR",Arkansas
30780,"Little Rock-North Little Rock-Conway, AR",Arkansas
30780,"Little Rock-North Little Rock-Conway, AR",Arkansas
30780,"Little Rock-North Little Rock-Conway, AR",Arkansas
30780,"Little Rock-North Little Rock-Conway, AR",Arkansas
30820,"Lock Haven, PA",Pennsylvania
30860,"Logan, UT-ID",Idaho
30860,"Logan, UT-ID",Utah
30900,"Logansport, IN",Indiana
30940,"London, KY",Kentucky
30940,"London, KY",Kentucky
30940,"London, KY",Kentucky
30940,"London, KY",Kentucky
30980,"Longview, TX",Texas
30980,"Longview, TX",Texas
30980,"Longview, TX",Texas
30980,"Longview, TX",Texas
31020,"Longview, WA",Washington
31060,"Los Alamos, NM",New Mexico
31080,"Los Angeles-Long Beach-Anaheim, CA",California
31080,"Los Angeles-Long Beach-Anaheim, CA",California
31140,"Louisville/Jefferson County, KY-IN",Indiana
31140,"Louisville/Jefferson County, KY-IN",Indiana
31140,"Louisville/Jefferson County, KY-IN",Indiana
31140,"Louisville/Jefferson County, KY-IN",Indiana
31140,"Louisville/Jefferson County, KY-IN",Kentucky
31140,"Louisville/Jefferson County, KY-IN",Kentucky
31140,"Louisville/Jefferson County, KY-IN",Kentucky
31140,"Louisville/Jefferson County, KY-IN",Kentucky
31140,"Louisville/Jefferson County, KY-IN",Kentucky
31140,"Louisville/Jefferson County, KY-IN",Kentucky
31180,"Lubbock, TX",Texas
31180,"Lubbock, TX",Texas
31180,"Lubbock, TX",Texas
31220,"Ludington, MI",Michigan
31260,"Lufkin, TX",Texas
31300,"Lumberton, NC",North Carolina
31340,"Lynchburg, VA",Virginia
31340,"Lynchburg, VA",Virginia
31340,"Lynchburg, VA",Virginia
31340,"Lynchburg, VA",Virginia
31340,"Lynchburg, VA",Virginia
31380,"Macomb, IL",Illinois
31420,"Macon-Bibb County, GA",Georgia
31420,"Macon-Bibb County, GA",Georgia
31420,"Macon-Bibb County, GA",Georgia
31420,"Macon-Bibb County, GA",Georgia
31420,"Macon-Bibb County, GA",Georgia
31460,"Madera, CA",California
31500,"Madison, IN",Indiana
31540,"Madison, WI",Wisconsin
31540,"Madison, WI",Wisconsin
31540,"Madison, WI",Wisconsin
31540,"Madison, WI",Wisconsin
31580,"Madisonville, KY",Kentucky
31620,"Magnolia, AR",Arkansas
31660,"Malone, NY",New York
31680,"Malvern, AR",Arkansas
31700,"Manchester-Nashua, NH",New Hampshire
31740,"Manhattan, KS",Kansas
31740,"Manhattan, KS",Kansas
31740,"Manhattan, KS",Kansas
31820,"Manitowoc, WI",Wisconsin
31860,"Mankato, MN",Minnesota
31860,"Mankato, MN",Minnesota
31900,"Mansfield, OH",Ohio
31930,"Marietta, OH",Ohio
31940,"Marinette, WI-MI",Michigan
31940,"Marinette, WI-MI",Wisconsin
31980,"Marion, IN",Indiana
32000,"Marion, NC",North Carolina
32020,"Marion, OH",Ohio
32100,"Marquette, MI",Michigan
32140,"Marshall, MN",Minnesota
32180,"Marshall, MO",Missouri
32260,"Marshalltown, IA",Iowa
32280,"Martin, TN",Tennessee
32300,"Martinsville, VA",Virginia
32300,"Martinsville, VA",Virginia
32340,"Maryville, MO",Missouri
32380,"Mason City, IA",Iowa
32380,"Mason City, IA",Iowa
32420,"Mayagüez, PR",Puerto Rico
32420,"Mayagüez, PR",Puerto Rico
32420,"Mayagüez, PR",Puerto Rico
32460,"Mayfield, KY",Kentucky
32500,"Maysville, KY",Kentucky
32540,"McAlester, OK",Oklahoma
32580,"McAllen-Edinburg-Mission, TX",Texas
32620,"McComb, MS",Mississippi
32660,"McMinnville, TN",Tennessee
32700,"McPherson, KS",Kansas
32740,"Meadville, PA",Pennsylvania
32780,"Medford, OR",Oregon
32820,"Memphis, TN-MS-AR",Arkansas
32820,"Memphis, TN-MS-AR",Mississippi
32820,"Memphis, TN-MS-AR",Mississippi
32820,"Memphis, TN-MS-AR",Mississippi
32820,"Memphis, TN-MS-AR",Mississippi
32820,"Memphis, TN-MS-AR",Tennessee
32820,"Memphis, TN-MS-AR",Tennessee
32820,"Memphis, TN-MS-AR",Tennessee
32860,"Menomonie, WI",Wisconsin
32900,"Merced, CA",California
32940,"Meridian, MS",Mississippi
32940,"Meridian, MS",Mississippi
32940,"Meridian, MS",Mississippi
33020,"Mexico, MO",Missouri
33060,"Miami, OK",Oklahoma
33100,"Miami-Fort Lauderdale-Pompano Beach, FL",Florida
33100,"Miami-Fort Lauderdale-Pompano Beach, FL",Florida
33100,"Miami-Fort Lauderdale-Pompano Beach, FL",Florida
33140,"Michigan City-La Porte, IN",Indiana
33180,"Middlesborough, KY",Kentucky
33220,"Midland, MI",Michigan
33260,"Midland, TX",Texas
33260,"Midland, TX",Texas
33300,"Milledgeville, GA",Georgia
33300,"Milledgeville, GA",Georgia
33340,"Milwaukee-Waukesha, WI",Wisconsin
33340,"Milwaukee-Waukesha, WI",Wisconsin
33340,"Milwaukee-Waukesha, WI",Wisconsin
33340,"Milwaukee-Waukesha, WI",Wisconsin
33380,"Minden, LA",Louisiana
33420,"Mineral Wells, TX",Texas
33460,"Minneapolis-St. Paul-Bloomington, MN-WI",Minnesota
33460,"Minneapolis-St. Paul-Bloomington, MN-WI",Minnesota
33460,"Minneapolis-St. Paul-Bloomington, MN-WI",Minnesota
33460,"Minneapolis-St. Paul-Bloomington, MN-WI",Minnesota
33460,"Minneapolis-St. Paul-Bloomington, MN-WI",Minnesota
33460,"Minneapolis-St. Paul-Bloomington, MN-WI",Minnesota
33460,"Minneapolis-St. Paul-Bloomington, MN-WI",Minnesota
33460,"Minneapolis-St. Paul-Bloomington, MN-WI",Minnesota
33460,"Minneapolis-St. Paul-Bloomington, MN-WI",Minnesota
33460,"Minneapolis-St. Paul-Bloomington, MN-WI",Minnesota
33460,"Minneapolis-St. Paul-Bloomington, MN-WI",Minnesota
33460,"Minneapolis-St. Paul-Bloomington, MN-WI",Minnesota
33460,"Minneapolis-St. Paul-Bloomington, MN-WI",Minnesota
33460,"Minneapolis-St. Paul-Bloomington, MN-WI",Wisconsin
33460,"Minneapolis-St. Paul-Bloomington, MN-WI",Wisconsin
33500,"Minot, ND",North Dakota
33500,"Minot, ND",North Dakota
33500,"Minot, ND",North Dakota
33540,"Missoula, MT",Montana
33580,"Mitchell, SD",South Dakota
33580,"Mitchell, SD",South Dakota
33620,"Moberly, MO",Missouri
33660,"Mobile, AL",Alabama
33660,"Mobile, AL",Alabama
33700,"Modesto, CA",California
33740,"Monroe, LA",Louisiana
33740,"Monroe, LA",Louisiana
33740,"Monroe, LA",Louisiana
33780,"Monroe, MI",Michigan
33860,"Montgomery, AL",Alabama
33860,"Montgomery, AL",Alabama
33860,"Montgomery, AL",Alabama
33860,"Montgomery, AL",Alabama
33940,"Montrose, CO",Colorado
33940,"Montrose, CO",Colorado
33980,"Morehead City, NC",North Carolina
34020,"Morgan City, LA",Louisiana
34060,"Morgantown, WV",West Virginia
34060,"Morgantown, WV",West Virginia
34100,"Morristown, TN",Tennessee
34100,"Morristown, TN",Tennessee
34100,"Morristown, TN",Tennessee
34140,"Moscow, ID",Idaho
34180,"Moses Lake, WA",Washington
34220,"Moultrie, GA",Georgia
34260,"Mountain Home, AR",Arkansas
34300,"Mountain Home, ID",Idaho
34340,"Mount Airy, NC",North Carolina
34350,"Mount Gay-Shamrock, WV",West Virginia
34380,"Mount Pleasant, MI",Michigan
34420,"Mount Pleasant, TX",Texas
34420,"Mount Pleasant, TX",Texas
34460,"Mount Sterling, KY",Kentucky
34460,"Mount Sterling, KY",Kentucky
34460,"Mount Sterling, KY",Kentucky
34500,"Mount Vernon, IL",Illinois
34540,"Mount Vernon, OH",Ohio
34580,"Mount Vernon-Anacortes, WA",Washington
34620,"Muncie, IN",Indiana
34660,"Murray, KY",Kentucky
34700,"Muscatine, IA",Iowa
34740,"Muskegon, MI",Michigan
34780,"Muskogee, OK",Oklahoma
34820,"Myrtle Beach-Conway-North Myrtle Beach, SC-NC",North Carolina
34820,"Myrtle Beach-Conway-North Myrtle Beach, SC-NC",South Carolina
34860,"Nacogdoches, TX",Texas
34900,"Napa, CA",California
34940,"Naples-Marco Island, FL",Florida
34980,"Nashville-Davidson--Murfreesboro--Franklin, TN",Tennessee
34980,"Nashville-Davidson--Murfreesboro--Franklin, TN",Tennessee
34980,"Nashville-Davidson--Murfreesboro--Franklin, TN",Tennessee
34980,"Nashville-Davidson--Murfreesboro--Franklin, TN",Tennessee
34980,"Nashville-Davidson--Murfreesboro--Franklin, TN",Tennessee
34980,"Nashville-Davidson--Murfreesboro--Franklin, TN",Tennessee
34980,"Nashville-Davidson--Murfreesboro--Franklin, TN",Tennessee
34980,"Nashville-Davidson--Murfreesboro--Franklin, TN",Tennessee
34980,"Nashville-Davidson--Murfreesboro--Franklin, TN",Tennessee
34980,"Nashville-Davidson--Murfreesboro--Franklin, TN",Tennessee
34980,"Nashville-Davidson--Murfreesboro--Franklin, TN",Tennessee
34980,"Nashville-Davidson--Murfreesboro--Franklin, TN",Tennessee
34980,"Nashville-Davidson--Murfreesboro--Franklin, TN",Tennessee
35020,"Natchez, MS-LA",Louisiana
35020,"Natchez, MS-LA",Mississippi
35060,"Natchitoches, LA",Louisiana
35100,"New Bern, NC",North Carolina
35100,"New Bern, NC",North Carolina
35100,"New Bern, NC",North Carolina
35140,"Newberry, SC",South Carolina
35220,"New Castle, IN",Indiana
35260,"New Castle, PA",Pennsylvania
35300,"New Haven-Milford, CT",Connecticut
35380,"New Orleans-Metairie, LA",Louisiana
35380,"New Orleans-Metairie, LA",Louisiana
35380,"New Orleans-Metairie, LA",Louisiana
35380,"New Orleans-Metairie, LA",Louisiana
35380,"New Orleans-Metairie, LA",Louisiana
35380,"New Orleans-Metairie, LA",Louisiana
35380,"New Orleans-Metairie, LA",Louisiana
35380,"New Orleans-Metairie, LA",Louisiana
35420,"New Philadelphia-Dover, OH",Ohio
35440,"Newport, OR",Oregon
35460,"Newport, TN",Tennessee
35580,"New Ulm, MN",Minnesota
35620,"New York-Newark-Jersey City, NY-NJ-PA",New York
35620,"New York-Newark-Jersey City, NY-NJ-PA",New York
35620,"New York-Newark-Jersey City, NY-NJ-PA",New Jersey
35620,"New York-Newark-Jersey City, NY-NJ-PA",New Jersey
35620,"New York-Newark-Jersey City, NY-NJ-PA",New Jersey
35620,"New York-Newark-Jersey City, NY-NJ-PA",New Jersey
35620,"New York-Newark-Jersey City, NY-NJ-PA",New Jersey
35620,"New York-Newark-Jersey City, NY-NJ-PA",Pennsylvania
35620,"New York-Newark-Jersey City, NY-NJ-PA",New Jersey
35620,"New York-Newark-Jersey City, NY-NJ-PA",New Jersey
35620,"New York-Newark-Jersey City, NY-NJ-PA",New Jersey
35620,"New York-Newark-Jersey City, NY-NJ-PA",New Jersey
35620,"New York-Newark-Jersey City, NY-NJ-PA",New Jersey
35620,"New York-Newark-Jersey City, NY-NJ-PA",New Jersey
35620,"New York-Newark-Jersey City, NY-NJ-PA",New Jersey
35620,"New York-Newark-Jersey City, NY-NJ-PA",New York
35620,"New York-Newark-Jersey City, NY-NJ-PA",New York
35620,"New York-Newark-Jersey City, NY-NJ-PA",New York
35620,"New York-Newark-Jersey City, NY-NJ-PA",New York
35620,"New York-Newark-Jersey City, NY-NJ-PA",New York
35620,"New York-Newark-Jersey City, NY-NJ-PA",New York
35620,"New York-Newark-Jersey City, NY-NJ-PA",New York
35620,"New York-Newark-Jersey City, NY-NJ-PA",New York
35660,"Niles, MI",Michigan
35700,"Nogales, AZ",Arizona
35740,"Norfolk, NE",Nebraska
35740,"Norfolk, NE",Nebraska
35740,"Norfolk, NE",Nebraska
35820,"North Platte, NE",Nebraska
35820,"North Platte, NE",Nebraska
35820,"North Platte, NE",Nebraska
35840,"North Port-Sarasota-Bradenton, FL",Florida
35840,"North Port-Sarasota-Bradenton, FL",Florida
35860,"North Vernon, IN",Indiana
35900,"North Wilkesboro, NC",North Carolina
35940,"Norwalk, OH",Ohio
35980,"Norwich-New London, CT",Connecticut
36020,"Oak Harbor, WA",Washington
36100,"Ocala, FL",Florida
36140,"Ocean City, NJ",New Jersey
36220,"Odessa, TX",Texas
36260,"Ogden-Clearfield, UT",Utah
36260,"Ogden-Clearfield, UT",Utah
36260,"Ogden-Clearfield, UT",Utah
36260,"Ogden-Clearfield, UT",Utah
36300,"Ogdensburg-Massena, NY",New York
36340,"Oil City, PA",Pennsylvania
36380,"Okeechobee, FL",Florida
36420,"Oklahoma City, OK",Oklahoma
36420,"Oklahoma City, OK",Oklahoma
36420,"Oklahoma City, OK",Oklahoma
36420,"Oklahoma City, OK",Oklahoma
36420,"Oklahoma City, OK",Oklahoma
36420,"Oklahoma City, OK",Oklahoma
36420,"Oklahoma City, OK",Oklahoma
36460,"Olean, NY",New York
36500,"Olympia-Lacey-Tumwater, WA",Washington
36540,"Omaha-Council Bluffs, NE-IA",Iowa
36540,"Omaha-Council Bluffs, NE-IA",Iowa
36540,"Omaha-Council Bluffs, NE-IA",Iowa
36540,"Omaha-Council Bluffs, NE-IA",Nebraska
36540,"Omaha-Council Bluffs, NE-IA",Nebraska
36540,"Omaha-Council Bluffs, NE-IA",Nebraska
36540,"Omaha-Council Bluffs, NE-IA",Nebraska
36540,"Omaha-Council Bluffs, NE-IA",Nebraska
36580,"Oneonta, NY",New York
36620,"Ontario, OR-ID",Idaho
36620,"Ontario, OR-ID",Oregon
36660,"Opelousas, LA",Louisiana
36700,"Orangeburg, SC",South Carolina
36740,"Orlando-Kissimmee-Sanford, FL",Florida
36740,"Orlando-Kissimmee-Sanford, FL",Florida
36740,"Orlando-Kissimmee-Sanford, FL",Florida
36740,"Orlando-Kissimmee-Sanford, FL",Florida
36780,"Oshkosh-Neenah, WI",Wisconsin
36820,"Oskaloosa, IA",Iowa
36830,"Othello, WA",Washington
36837,"Ottawa, IL",Illinois
36837,"Ottawa, IL",Illinois
36837,"Ottawa, IL",Illinois
36840,"Ottawa, KS",Kansas
36900,"Ottumwa, IA",Iowa
36940,"Owatonna, MN",Minnesota
36980,"Owensboro, KY",Kentucky
36980,"Owensboro, KY",Kentucky
36980,"Owensboro, KY",Kentucky
37060,"Oxford, MS",Mississippi
37100,"Oxnard-Thousand Oaks-Ventura, CA",California
37120,"Ozark, AL",Alabama
37140,"Paducah, KY-IL",Illinois
37140,"Paducah, KY-IL",Kentucky
37140,"Paducah, KY-IL",Kentucky
37140,"Paducah, KY-IL",Kentucky
37220,"Pahrump, NV",Nevada
37260,"Palatka, FL",Florida
37300,"Palestine, TX",Texas
37340,"Palm Bay-Melbourne-Titusville, FL",Florida
37420,"Pampa, TX",Texas
37420,"Pampa, TX",Texas
37460,"Panama City, FL",Florida
37500,"Paragould, AR",Arkansas
37540,"Paris, TN",Tennessee
37580,"Paris, TX",Texas
37620,"Parkersburg-Vienna, WV",West Virginia
37620,"Parkersburg-Vienna, WV",West Virginia
37660,"Parsons, KS",Kansas
37740,"Payson, AZ",Arizona
37770,"Pearsall, TX",Texas
37780,"Pecos, TX",Texas
37780,"Pecos, TX",Texas
37800,"Pella, IA",Iowa
37860,"Pensacola-Ferry Pass-Brent, FL",Florida
37860,"Pensacola-Ferry Pass-Brent, FL",Florida
37900,"Peoria, IL",Illinois
37900,"Peoria, IL",Illinois
37900,"Peoria, IL",Illinois
37900,"Peoria, IL",Illinois
37900,"Peoria, IL",Illinois
37900,"Peoria, IL",Illinois
37940,"Peru, IN",Indiana
37980,"Philadelphia-Camden-Wilmington, PA-NJ-DE-MD",New Jersey
37980,"Philadelphia-Camden-Wilmington, PA-NJ-DE-MD",New Jersey
37980,"Philadelphia-Camden-Wilmington, PA-NJ-DE-MD",New Jersey
37980,"Philadelphia-Camden-Wilmington, PA-NJ-DE-MD",Pennsylvania
37980,"Philadelphia-Camden-Wilmington, PA-NJ-DE-MD",Pennsylvania
37980,"Philadelphia-Camden-Wilmington, PA-NJ-DE-MD",Pennsylvania
37980,"Philadelphia-Camden-Wilmington, PA-NJ-DE-MD",Pennsylvania
37980,"Philadelphia-Camden-Wilmington, PA-NJ-DE-MD",Pennsylvania
37980,"Philadelphia-Camden-Wilmington, PA-NJ-DE-MD",Delaware
37980,"Philadelphia-Camden-Wilmington, PA-NJ-DE-MD",Maryland
37980,"Philadelphia-Camden-Wilmington, PA-NJ-DE-MD",New Jersey
38060,"Phoenix-Mesa-Chandler, AZ",Arizona
38060,"Phoenix-Mesa-Chandler, AZ",Arizona
38100,"Picayune, MS",Mississippi
38180,"Pierre, SD",South Dakota
38180,"Pierre, SD",South Dakota
38220,"Pine Bluff, AR",Arkansas
38220,"Pine Bluff, AR",Arkansas
38220,"Pine Bluff, AR",Arkansas
38240,"Pinehurst-Southern Pines, NC",North Carolina
38260,"Pittsburg, KS",Kansas
38300,"Pittsburgh, PA",Pennsylvania
38300,"Pittsburgh, PA",Pennsylvania
38300,"Pittsburgh, PA",Pennsylvania
38300,"Pittsburgh, PA",Pennsylvania
38300,"Pittsburgh, PA",Pennsylvania
38300,"Pittsburgh, PA",Pennsylvania
38300,"Pittsburgh, PA",Pennsylvania
38340,"Pittsfield, MA",Massachusetts
38380,"Plainview, TX",Texas
38420,"Platteville, WI",Wisconsin
38460,"Plattsburgh, NY",New York
38500,"Plymouth, IN",Indiana
38540,"Pocatello, ID",Idaho
38540,"Pocatello, ID",Idaho
38580,"Point Pleasant, WV-OH",Ohio
38580,"Point Pleasant, WV-OH",West Virginia
38620,"Ponca City, OK",Oklahoma
38660,"Ponce, PR",Puerto Rico
38660,"Ponce, PR",Puerto Rico
38660,"Ponce, PR",Puerto Rico
38660,"Ponce, PR",Puerto Rico
38700,"Pontiac, IL",Illinois
38740,"Poplar Bluff, MO",Missouri
38740,"Poplar Bluff, MO",Missouri
38780,"Portales, NM",New Mexico
38820,"Port Angeles, WA",Washington
38860,"Portland-South Portland, ME",Maine
38860,"Portland-South Portland, ME",Maine
38860,"Portland-South Portland, ME",Maine
38900,"Portland-Vancouver-Hillsboro, OR-WA",Oregon
38900,"Portland-Vancouver-Hillsboro, OR-WA",Oregon
38900,"Portland-Vancouver-Hillsboro, OR-WA",Oregon
38900,"Portland-Vancouver-Hillsboro, OR-WA",Oregon
38900,"Portland-Vancouver-Hillsboro, OR-WA",Oregon
38900,"Portland-Vancouver-Hillsboro, OR-WA",Washington
38900,"Portland-Vancouver-Hillsboro, OR-WA",Washington
38920,"Port Lavaca, TX",Texas
38940,"Port St. Lucie, FL",Florida
38940,"Port St. Lucie, FL",Florida
39020,"Portsmouth, OH",Ohio
39060,"Pottsville, PA",Pennsylvania
39100,"Poughkeepsie-Newburgh-Middletown, NY",New York
39100,"Poughkeepsie-Newburgh-Middletown, NY",New York
39150,"Prescott Valley-Prescott, AZ",Arizona
39220,"Price, UT",Utah
39260,"Prineville, OR",Oregon
39300,"Providence-Warwick, RI-MA",Massachusetts
39300,"Providence-Warwick, RI-MA",Rhode Island
39300,"Providence-Warwick, RI-MA",Rhode Island
39300,"Providence-Warwick, RI-MA",Rhode Island
39300,"Providence-Warwick, RI-MA",Rhode Island
39300,"Providence-Warwick, RI-MA",Rhode Island
39340,"Provo-Orem, UT",Utah
39340,"Provo-Orem, UT",Utah
39380,"Pueblo, CO",Colorado
39420,"Pullman, WA",Washington
39460,"Punta Gorda, FL",Florida
39500,"Quincy, IL-MO",Illinois
39500,"Quincy, IL-MO",Missouri
39540,"Racine, WI",Wisconsin
39580,"Raleigh-Cary, NC",North Carolina
39580,"Raleigh-Cary, NC",North Carolina
39580,"Raleigh-Cary, NC",North Carolina
39660,"Rapid City, SD",South Dakota
39660,"Rapid City, SD",South Dakota
39700,"Raymondville, TX",Texas
39740,"Reading, PA",Pennsylvania
39780,"Red Bluff, CA",California
39820,"Redding, CA",California
39860,"Red Wing, MN",Minnesota
39900,"Reno, NV",Nevada
39900,"Reno, NV",Nevada
39940,"Rexburg, ID",Idaho
39940,"Rexburg, ID",Idaho
39980,"Richmond, IN",Indiana
40060,"Richmond, VA",Virginia
40060,"Richmond, VA",Virginia
40060,"Richmond, VA",Virginia
40060,"Richmond, VA",Virginia
40060,"Richmond, VA",Virginia
40060,"Richmond, VA",Virginia
40060,"Richmond, VA",Virginia
40060,"Richmond, VA",Virginia
40060,"Richmond, VA",Virginia
40060,"Richmond, VA",Virginia
40060,"Richmond, VA",Virginia
40060,"Richmond, VA",Virginia
40060,"Richmond, VA",Virginia
40060,"Richmond, VA",Virginia
40060,"Richmond, VA",Virginia
40060,"Richmond, VA",Virginia
40060,"Richmond, VA",Virginia
40080,"Richmond-Berea, KY",Kentucky
40080,"Richmond-Berea, KY",Kentucky
40100,"Rio Grande City-Roma, TX",Texas
40140,"Riverside-San Bernardino-Ontario, CA",California
40140,"Riverside-San Bernardino-Ontario, CA",California
40180,"Riverton, WY",Wyoming
40220,"Roanoke, VA",Virginia
40220,"Roanoke, VA",Virginia
40220,"Roanoke, VA",Virginia
40220,"Roanoke, VA",Virginia
40220,"Roanoke, VA",Virginia
40220,"Roanoke, VA",Virginia
40260,"Roanoke Rapids, NC",North Carolina
40260,"Roanoke Rapids, NC",North Carolina
40300,"Rochelle, IL",Illinois
40340,"Rochester, MN",Minnesota
40340,"Rochester, MN",Minnesota
40340,"Rochester, MN",Minnesota
40340,"Rochester, MN",Minnesota
40380,"Rochester, NY",New York
40380,"Rochester, NY",New York
40380,"Rochester, NY",New York
40380,"Rochester, NY",New York
40380,"Rochester, NY",New York
40380,"Rochester, NY",New York
40420,"Rockford, IL",Illinois
40420,"Rockford, IL",Illinois
40460,"Rockingham, NC",North Carolina
40530,"Rockport, TX",Texas
40540,"Rock Springs, WY",Wyoming
40580,"Rocky Mount, NC",North Carolina
40580,"Rocky Mount, NC",North Carolina
40620,"Rolla, MO",Missouri
40660,"Rome, GA",Georgia
40700,"Roseburg, OR",Oregon
40740,"Roswell, NM",New Mexico
40760,"Ruidoso, NM",New Mexico
40780,"Russellville, AR",Arkansas
40780,"Russellville, AR",Arkansas
40820,"Ruston, LA",Louisiana
40860,"Rutland, VT",Vermont
40900,"Sacramento-Roseville-Folsom, CA",California
40900,"Sacramento-Roseville-Folsom, CA",California
40900,"Sacramento-Roseville-Folsom, CA",California
40900,"Sacramento-Roseville-Folsom, CA",California
40940,"Safford, AZ",Arizona
40980,"Saginaw, MI",Michigan
41060,"St. Cloud, MN",Minnesota
41060,"St. Cloud, MN",Minnesota
41100,"St. George, UT",Utah
41140,"St. Joseph, MO-KS",Kansas
41140,"St. Joseph, MO-KS",Missouri
41140,"St. Joseph, MO-KS",Missouri
41140,"St. Joseph, MO-KS",Missouri
41180,"St. Louis, MO-IL",Illinois
41180,"St. Louis, MO-IL",Illinois
41180,"St. Louis, MO-IL",Illinois
41180,"St. Louis, MO-IL",Illinois
41180,"St. Louis, MO-IL",Illinois
41180,"St. Louis, MO-IL",Illinois
41180,"St. Louis, MO-IL",Illinois
41180,"St. Louis, MO-IL",Illinois
41180,"St. Louis, MO-IL",Missouri
41180,"St. Louis, MO-IL",Missouri
41180,"St. Louis, MO-IL",Missouri
41180,"St. Louis, MO-IL",Missouri
41180,"St. Louis, MO-IL",Missouri
41180,"St. Louis, MO-IL",Missouri
41180,"St. Louis, MO-IL",Missouri
41220,"St. Marys, GA",Georgia
41260,"St. Marys, PA",Pennsylvania
41400,"Salem, OH",Ohio
41420,"Salem, OR",Oregon
41420,"Salem, OR",Oregon
41460,"Salina, KS",Kansas
41460,"Salina, KS",Kansas
41500,"Salinas, CA",California
41540,"Salisbury, MD-DE",Delaware
41540,"Salisbury, MD-DE",Maryland
41540,"Salisbury, MD-DE",Maryland
41540,"Salisbury, MD-DE",Maryland
41620,"Salt Lake City, UT",Utah
41620,"Salt Lake City, UT",Utah
41660,"San Angelo, TX",Texas
41660,"San Angelo, TX",Texas
41660,"San Angelo, TX",Texas
41700,"San Antonio-New Braunfels, TX",Texas
41700,"San Antonio-New Braunfels, TX",Texas
41700,"San Antonio-New Braunfels, TX",Texas
41700,"San Antonio-New Braunfels, TX",Texas
41700,"San Antonio-New Braunfels, TX",Texas
41700,"San Antonio-New Braunfels, TX",Texas
41700,"San Antonio-New Braunfels, TX",Texas
41700,"San Antonio-New Braunfels, TX",Texas
41740,"San Diego-Chula Vista-Carlsbad, CA",California
41760,"Sandpoint, ID",Idaho
41780,"Sandusky, OH",Ohio
41820,"Sanford, NC",North Carolina
41860,"San Francisco-Oakland-Berkeley, CA",California
41860,"San Francisco-Oakland-Berkeley, CA",California
41860,"San Francisco-Oakland-Berkeley, CA",California
41860,"San Francisco-Oakland-Berkeley, CA",California
41860,"San Francisco-Oakland-Berkeley, CA",California
41900,"San Germán, PR",Puerto Rico
41900,"San Germán, PR",Puerto Rico
41900,"San Germán, PR",Puerto Rico
41900,"San Germán, PR",Puerto Rico
41940,"San Jose-Sunnyvale-Santa Clara, CA",California
41940,"San Jose-Sunnyvale-Santa Clara, CA",California
41980,"San Juan-Bayamón-Caguas, PR",Puerto Rico
41980,"San Juan-Bayamón-Caguas, PR",Puerto Rico
41980,"San Juan-Bayamón-Caguas, PR",Puerto Rico
41980,"San Juan-Bayamón-Caguas, PR",Puerto Rico
41980,"San Juan-Bayamón-Caguas, PR",Puerto Rico
41980,"San Juan-Bayamón-Caguas, PR",Puerto Rico
41980,"San Juan-Bayamón-Caguas, PR",Puerto Rico
41980,"San Juan-Bayamón-Caguas, PR",Puerto Rico
41980,"San Juan-Bayamón-Caguas, PR",Puerto Rico
41980,"San Juan-Bayamón-Caguas, PR",Puerto Rico
41980,"San Juan-Bayamón-Caguas, PR",Puerto Rico
41980,"San Juan-Bayamón-Caguas, PR",Puerto Rico
41980,"San Juan-Bayamón-Caguas, PR",Puerto Rico
41980,"San Juan-Bayamón-Caguas, PR",Puerto Rico
41980,"San Juan-Bayamón-Caguas, PR",Puerto Rico
41980,"San Juan-Bayamón-Caguas, PR",Puerto Rico
41980,"San Juan-Bayamón-Caguas, PR",Puerto Rico
41980,"San Juan-Bayamón-Caguas, PR",Puerto Rico
41980,"San Juan-Bayamón-Caguas, PR",Puerto Rico
41980,"San Juan-Bayamón-Caguas, PR",Puerto Rico
41980,"San Juan-Bayamón-Caguas, PR",Puerto Rico
41980,"San Juan-Bayamón-Caguas, PR",Puerto Rico
41980,"San Juan-Bayamón-Caguas, PR",Puerto Rico
41980,"San Juan-Bayamón-Caguas, PR",Puerto Rico
41980,"San Juan-Bayamón-Caguas, PR",Puerto Rico
41980,"San Juan-Bayamón-Caguas, PR",Puerto Rico
41980,"San Juan-Bayamón-Caguas, PR",Puerto Rico
41980,"San Juan-Bayamón-Caguas, PR",Puerto Rico
41980,"San Juan-Bayamón-Caguas, PR",Puerto Rico
41980,"San Juan-Bayamón-Caguas, PR",Puerto Rico
41980,"San Juan-Bayamón-Caguas, PR",Puerto Rico
41980,"San Juan-Bayamón-Caguas, PR",Puerto Rico
41980,"San Juan-Bayamón-Caguas, PR",Puerto Rico
41980,"San Juan-Bayamón-Caguas, PR",Puerto Rico
41980,"San Juan-Bayamón-Caguas, PR",Puerto Rico
41980,"San Juan-Bayamón-Caguas, PR",Puerto Rico
41980,"San Juan-Bayamón-Caguas, PR",Puerto Rico
41980,"San Juan-Bayamón-Caguas, PR",Puerto Rico
41980,"San Juan-Bayamón-Caguas, PR",Puerto Rico
41980,"San Juan-Bayamón-Caguas, PR",Puerto Rico
42020,"San Luis Obispo-Paso Robles, CA",California
42100,"Santa Cruz-Watsonville, CA",California
42140,"Santa Fe, NM",New Mexico
42180,"Santa Isabel, PR",Puerto Rico
42200,"Santa Maria-Santa Barbara, CA",California
42220,"Santa Rosa-Petaluma, CA",California
42300,"Sault Ste. Marie, MI",Michigan
42340,"Savannah, GA",Georgia
42340,"Savannah, GA",Georgia
42340,"Savannah, GA",Georgia
42380,"Sayre, PA",Pennsylvania
42420,"Scottsbluff, NE",Nebraska
42420,"Scottsbluff, NE",Nebraska
42420,"Scottsbluff, NE",Nebraska
42460,"Scottsboro, AL",Alabama
42500,"Scottsburg, IN",Indiana
42540,"Scranton--Wilkes-Barre, PA",Pennsylvania
42540,"Scranton--Wilkes-Barre, PA",Pennsylvania
42540,"Scranton--Wilkes-Barre, PA",Pennsylvania
42620,"Searcy, AR",Arkansas
42660,"Seattle-Tacoma-Bellevue, WA",Washington
42660,"Seattle-Tacoma-Bellevue, WA",Washington
42660,"Seattle-Tacoma-Bellevue, WA",Washington
42680,"Sebastian-Vero Beach, FL",Florida
42700,"Sebring-Avon Park, FL",Florida
42740,"Sedalia, MO",Missouri
42780,"Selinsgrove, PA",Pennsylvania
42820,"Selma, AL",Alabama
42860,"Seneca, SC",South Carolina
42900,"Seneca Falls, NY",New York
42940,"Sevierville, TN",Tennessee
42980,"Seymour, IN",Indiana
43020,"Shawano, WI",Wisconsin
43020,"Shawano, WI",Wisconsin
43060,"Shawnee, OK",Oklahoma
43100,"Sheboygan, WI",Wisconsin
43140,"Shelby, NC",North Carolina
43180,"Shelbyville, TN",Tennessee
43220,"Shelton, WA",Washington
43260,"Sheridan, WY",Wyoming
43300,"Sherman-Denison, TX",Texas
43320,"Show Low, AZ",Arizona
43340,"Shreveport-Bossier City, LA",Louisiana
43340,"Shreveport-Bossier City, LA",Louisiana
43340,"Shreveport-Bossier City, LA",Louisiana
43380,"Sidney, OH",Ohio
43420,"Sierra Vista-Douglas, AZ",Arizona
43460,"Sikeston, MO",Missouri
43500,"Silver City, NM",New Mexico
43580,"Sioux City, IA-NE-SD",Iowa
43580,"Sioux City, IA-NE-SD",Nebraska
43580,"Sioux City, IA-NE-SD",Nebraska
43580,"Sioux City, IA-NE-SD",South Dakota
43620,"Sioux Falls, SD",South Dakota
43620,"Sioux Falls, SD",South Dakota
43620,"Sioux Falls, SD",South Dakota
43620,"Sioux Falls, SD",South Dakota
43660,"Snyder, TX",Texas
43700,"Somerset, KY",Kentucky
43740,"Somerset, PA",Pennsylvania
43760,"Sonora, CA",California
43780,"South Bend-Mishawaka, IN-MI",Indiana
43780,"South Bend-Mishawaka, IN-MI",Michigan
43900,"Spartanburg, SC",South Carolina
43940,"Spearfish, SD",South Dakota
43980,"Spencer, IA",Iowa
44020,"Spirit Lake, IA",Iowa
44060,"Spokane-Spokane Valley, WA",Washington
44060,"Spokane-Spokane Valley, WA",Washington
44100,"Springfield, IL",Illinois
44100,"Springfield, IL",Illinois
44140,"Springfield, MA",Massachusetts
44140,"Springfield, MA",Massachusetts
44140,"Springfield, MA",Massachusetts
44180,"Springfield, MO",Missouri
44180,"Springfield, MO",Missouri
44180,"Springfield, MO",Missouri
44180,"Springfield, MO",Missouri
44180,"Springfield, MO",Missouri
44220,"Springfield, OH",Ohio
44260,"Starkville, MS",Mississippi
44260,"Starkville, MS",Mississippi
44300,"State College, PA",Pennsylvania
44340,"Statesboro, GA",Georgia
44420,"Staunton, VA",Virginia
44420,"Staunton, VA",Virginia
44420,"Staunton, VA",Virginia
44460,"Steamboat Springs, CO",Colorado
44500,"Stephenville, TX",Texas
44540,"Sterling, CO",Colorado
44580,"Sterling, IL",Illinois
44620,"Stevens Point, WI",Wisconsin
44660,"Stillwater, OK",Oklahoma
44700,"Stockton, CA",California
44740,"Storm Lake, IA",Iowa
44780,"Sturgis, MI",Michigan
44860,"Sulphur Springs, TX",Texas
44900,"Summerville, GA",Georgia
44940,"Sumter, SC",South Carolina
44940,"Sumter, SC",South Carolina
44980,"Sunbury, PA",Pennsylvania
45000,"Susanville, CA",California
45020,"Sweetwater, TX",Texas
45060,"Syracuse, NY",New York
45060,"Syracuse, NY",New York
45060,"Syracuse, NY",New York
45140,"Tahlequah, OK",Oklahoma
45180,"Talladega-Sylacauga, AL",Alabama
45220,"Tallahassee, FL",Florida
45220,"Tallahassee, FL",Florida
45220,"Tallahassee, FL",Florida
45220,"Tallahassee, FL",Florida
45300,"Tampa-St. Petersburg-Clearwater, FL",Florida
45300,"Tampa-St. Petersburg-Clearwater, FL",Florida
45300,"Tampa-St. Petersburg-Clearwater, FL",Florida
45300,"Tampa-St. Petersburg-Clearwater, FL",Florida
45340,"Taos, NM",New Mexico
45380,"Taylorville, IL",Illinois
45460,"Terre Haute, IN",Indiana
45460,"Terre Haute, IN",Indiana
45460,"Terre Haute, IN",Indiana
45460,"Terre Haute, IN",Indiana
45460,"Terre Haute, IN",Indiana
45500,"Texarkana, TX-AR",Arkansas
45500,"Texarkana, TX-AR",Arkansas
45500,"Texarkana, TX-AR",Texas
45520,"The Dalles, OR",Oregon
45540,"The Villages, FL",Florida
45580,"Thomaston, GA",Georgia
45620,"Thomasville, GA",Georgia
45660,"Tiffin, OH",Ohio
45700,"Tifton, GA",Georgia
45740,"Toccoa, GA",Georgia
45780,"Toledo, OH",Ohio
45780,"Toledo, OH",Ohio
45780,"Toledo, OH",Ohio
45780,"Toledo, OH",Ohio
45820,"Topeka, KS",Kansas
45820,"Topeka, KS",Kansas
45820,"Topeka, KS",Kansas
45820,"Topeka, KS",Kansas
45820,"Topeka, KS",Kansas
45860,"Torrington, CT",Connecticut
45900,"Traverse City, MI",Michigan
45900,"Traverse City, MI",Michigan
45900,"Traverse City, MI",Michigan
45900,"Traverse City, MI",Michigan
45940,"Trenton-Princeton, NJ",New Jersey
45980,"Troy, AL",Alabama
46020,"Truckee-Grass Valley, CA",California
46060,"Tucson, AZ",Arizona
46100,"Tullahoma-Manchester, TN",Tennessee
46100,"Tullahoma-Manchester, TN",Tennessee
46100,"Tullahoma-Manchester, TN",Tennessee
46140,"Tulsa, OK",Oklahoma
46140,"Tulsa, OK",Oklahoma
46140,"Tulsa, OK",Oklahoma
46140,"Tulsa, OK",Oklahoma
46140,"Tulsa, OK",Oklahoma
46140,"Tulsa, OK",Oklahoma
46140,"Tulsa, OK",Oklahoma
46180,"Tupelo, MS",Mississippi
46180,"Tupelo, MS",Mississippi
46180,"Tupelo, MS",Mississippi
46180,"Tupelo, MS",Mississippi
46220,"Tuscaloosa, AL",Alabama
46220,"Tuscaloosa, AL",Alabama
46220,"Tuscaloosa, AL",Alabama
46220,"Tuscaloosa, AL",Alabama
46300,"Twin Falls, ID",Idaho
46300,"Twin Falls, ID",Idaho
46340,"Tyler, TX",Texas
46380,"Ukiah, CA",California
46420,"Union, SC",South Carolina
46460,"Union City, TN",Tennessee
46500,"Urbana, OH",Ohio
46520,"Urban Honolulu, HI",Hawaii
46540,"Utica-Rome, NY",New York
46540,"Utica-Rome, NY",New York
46620,"Uvalde, TX",Texas
46660,"Valdosta, GA",Georgia
46660,"Valdosta, GA",Georgia
46660,"Valdosta, GA",Georgia
46660,"Valdosta, GA",Georgia
46700,"Vallejo, CA",California
46780,"Van Wert, OH",Ohio
46820,"Vermillion, SD",South Dakota
46860,"Vernal, UT",Utah
46900,"Vernon, TX",Texas
46980,"Vicksburg, MS",Mississippi
47020,"Victoria, TX",Texas
47020,"Victoria, TX",Texas
47080,"Vidalia, GA",Georgia
47080,"Vidalia, GA",Georgia
47180,"Vincennes, IN",Indiana
47220,"Vineland-Bridgeton, NJ",New Jersey
47240,"Vineyard Haven, MA",Massachusetts
47260,"Virginia Beach-Norfolk-Newport News, VA-NC",North Carolina
47260,"Virginia Beach-Norfolk-Newport News, VA-NC",North Carolina
47260,"Virginia Beach-Norfolk-Newport News, VA-NC",North Carolina
47260,"Virginia Beach-Norfolk-Newport News, VA-NC",Virginia
47260,"Virginia Beach-Norfolk-Newport News, VA-NC",Virginia
47260,"Virginia Beach-Norfolk-Newport News, VA-NC",Virginia
47260,"Virginia Beach-Norfolk-Newport News, VA-NC",Virginia
47260,"Virginia Beach-Norfolk-Newport News, VA-NC",Virginia
47260,"Virginia Beach-Norfolk-Newport News, VA-NC",Virginia
47260,"Virginia Beach-Norfolk-Newport News, VA-NC",Virginia
47260,"Virginia Beach-Norfolk-Newport News, VA-NC",Virginia
47260,"Virginia Beach-Norfolk-Newport News, VA-NC",Virginia
47260,"Virginia Beach-Norfolk-Newport News, VA-NC",Virginia
47260,"Virginia Beach-Norfolk-Newport News, VA-NC",Virginia
47260,"Virginia Beach-Norfolk-Newport News, VA-NC",Virginia
47260,"Virginia Beach-Norfolk-Newport News, VA-NC",Virginia
47260,"Virginia Beach-Norfolk-Newport News, VA-NC",Virginia
47260,"Virginia Beach-Norfolk-Newport News, VA-NC",Virginia
47260,"Virginia Beach-Norfolk-Newport News, VA-NC",Virginia
47300,"Visalia, CA",California
47340,"Wabash, IN",Indiana
47380,"Waco, TX",Texas
47380,"Waco, TX",Texas
47420,"Wahpeton, ND-MN",Minnesota
47420,"Wahpeton, ND-MN",North Dakota
47460,"Walla Walla, WA",Washington
47540,"Wapakoneta, OH",Ohio
47580,"Warner Robins, GA",Georgia
47580,"Warner Robins, GA",Georgia
47620,"Warren, PA",Pennsylvania
47660,"Warrensburg, MO",Missouri
47700,"Warsaw, IN",Indiana
47780,"Washington, IN",Indiana
47820,"Washington, NC",North Carolina
47900,"Washington-Arlington-Alexandria, DC-VA-MD-WV",Maryland
47900,"Washington-Arlington-Alexandria, DC-VA-MD-WV",Maryland
47900,"Washington-Arlington-Alexandria, DC-VA-MD-WV",District of Columbia
47900,"Washington-Arlington-Alexandria, DC-VA-MD-WV",Maryland
47900,"Washington-Arlington-Alexandria, DC-VA-MD-WV",Maryland
47900,"Washington-Arlington-Alexandria, DC-VA-MD-WV",Maryland
47900,"Washington-Arlington-Alexandria, DC-VA-MD-WV",Virginia
47900,"Washington-Arlington-Alexandria, DC-VA-MD-WV",Virginia
47900,"Washington-Arlington-Alexandria, DC-VA-MD-WV",Virginia
47900,"Washington-Arlington-Alexandria, DC-VA-MD-WV",Virginia
47900,"Washington-Arlington-Alexandria, DC-VA-MD-WV",Virginia
47900,"Washington-Arlington-Alexandria, DC-VA-MD-WV",Virginia
47900,"Washington-Arlington-Alexandria, DC-VA-MD-WV",Virginia
47900,"Washington-Arlington-Alexandria, DC-VA-MD-WV",Virginia
47900,"Washington-Arlington-Alexandria, DC-VA-MD-WV",Virginia
47900,"Washington-Arlington-Alexandria, DC-VA-MD-WV",Virginia
47900,"Washington-Arlington-Alexandria, DC-VA-MD-WV",Virginia
47900,"Washington-Arlington-Alexandria, DC-VA-MD-WV",Virginia
47900,"Washington-Arlington-Alexandria, DC-VA-MD-WV",Virginia
47900,"Washington-Arlington-Alexandria, DC-VA-MD-WV",Virginia
47900,"Washington-Arlington-Alexandria, DC-VA-MD-WV",Virginia
47900,"Washington-Arlington-Alexandria, DC-VA-MD-WV",Virginia
47900,"Washington-Arlington-Alexandria, DC-VA-MD-WV",Virginia
47900,"Washington-Arlington-Alexandria, DC-VA-MD-WV",Virginia
47900,"Washington-Arlington-Alexandria, DC-VA-MD-WV",West Virginia
47920,"Washington Court House, OH",Ohio
47940,"Waterloo-Cedar Falls, IA",Iowa
47940,"Waterloo-Cedar Falls, IA",Iowa
47940,"Waterloo-Cedar Falls, IA",Iowa
47980,"Watertown, SD",South Dakota
47980,"Watertown, SD",South Dakota
48020,"Watertown-Fort Atkinson, WI",Wisconsin
48060,"Watertown-Fort Drum, NY",New York
48100,"Wauchula, FL",Florida
48140,"Wausau-Weston, WI",Wisconsin
48140,"Wausau-Weston, WI",Wisconsin
48180,"Waycross, GA",Georgia
48180,"Waycross, GA",Georgia
48220,"Weatherford, OK",Oklahoma
48260,"Weirton-Steubenville, WV-OH",Ohio
48260,"Weirton-Steubenville, WV-OH",West Virginia
48260,"Weirton-Steubenville, WV-OH",West Virginia
48300,"Wenatchee, WA",Washington
48300,"Wenatchee, WA",Washington
48460,"West Plains, MO",Missouri
48500,"West Point, MS",Mississippi
48540,"Wheeling, WV-OH",Ohio
48540,"Wheeling, WV-OH",West Virginia
48540,"Wheeling, WV-OH",West Virginia
48580,"Whitewater, WI",Wisconsin
48620,"Wichita, KS",Kansas
48620,"Wichita, KS",Kansas
48620,"Wichita, KS",Kansas
48620,"Wichita, KS",Kansas
48660,"Wichita Falls, TX",Texas
48660,"Wichita Falls, TX",Texas
48660,"Wichita Falls, TX",Texas
48700,"Williamsport, PA",Pennsylvania
48780,"Williston, ND",North Dakota
48820,"Willmar, MN",Minnesota
48900,"Wilmington, NC",North Carolina
48900,"Wilmington, NC",North Carolina
48940,"Wilmington, OH",Ohio
48980,"Wilson, NC",North Carolina
49020,"Winchester, VA-WV",Virginia
49020,"Winchester, VA-WV",Virginia
49020,"Winchester, VA-WV",West Virginia
49060,"Winfield, KS",Kansas
49080,"Winnemucca, NV",Nevada
49100,"Winona, MN",Minnesota
49180,"Winston-Salem, NC",North Carolina
49180,"Winston-Salem, NC",North Carolina
49180,"Winston-Salem, NC",North Carolina
49180,"Winston-Salem, NC",North Carolina
49180,"Winston-Salem, NC",North Carolina
49220,"Wisconsin Rapids-Marshfield, WI",Wisconsin
49260,"Woodward, OK",Oklahoma
49260,"Woodward, OK",Oklahoma
49300,"Wooster, OH",Ohio
49340,"Worcester, MA-CT",Connecticut
49340,"Worcester, MA-CT",Massachusetts
49380,"Worthington, MN",Minnesota
49420,"Yakima, WA",Washington
49460,"Yankton, SD",South Dakota
49500,"Yauco, PR",Puerto Rico
49500,"Yauco, PR",Puerto Rico
49500,"Yauco, PR",Puerto Rico
49500,"Yauco, PR",Puerto Rico
49620,"York-Hanover, PA",Pennsylvania
49660,"Youngstown-Warren-Boardman, OH-PA",Ohio
49660,"Youngstown-Warren-Boardman, OH-PA",Ohio
49660,"Youngstown-Warren-Boardman, OH-PA",Pennsylvania
49700,"Yuba City, CA",California
49700,"Yuba City, CA",California
49740,"Yuma, AZ",Arizona
49780,"Zanesville, OH",Ohio
49820,"Zapata, TX",Texas